UserName,Password
user11,Password111
user12,Password112
user13,Password113
user14,Password114
user15,Password115
user16,Password116
user17,Password117
user18,Password118
user19,Password119
user20,Password120
user21,Password121
user22,Password122
user23,Password123
user24,Password124
user25,Password125
user26,Password126
user27,Password127
user28,Password128
user29,Password129
user30,Password130
user31,Password131
user32,Password132
user33,Password133
user34,Password134
user35,Password135
user36,Password136
user37,Password137
user38,Password138
user39,Password139
user40,Password140
user41,Password141
user42,Password142
user43,Password143
user44,Password144
user45,Password145
user46,Password146
user47,Password147
user48,Password148
user49,Password149
user50,Password150
user51,Password151
user52,Password152
user53,Password153
user54,Password154
user55,Password155
user56,Password156
user57,Password157
user58,Password158
user59,Password159
user60,Password160
user61,Password161
user62,Password162
user63,Password163
user64,Password164
user65,Password165
user66,Password166
user67,Password167
user68,Password168
user69,Password169
user70,Password170
user71,Password171
user72,Password172
user73,Password173
user74,Password174
user75,Password175
user76,Password176
user77,Password177
user78,Password178
user79,Password179
user80,Password180
user81,Password181
user82,Password182
user83,Password183
user84,Password184
user85,Password185
user86,Password186
user87,Password187
user88,Password188
user89,Password189
user90,Password190
user91,Password191
user92,Password192
user93,Password193
user94,Password194
user95,Password195
user96,Password196
user97,Password197
user98,Password198
user99,Password199
user100,Password200
user101,Password201
user102,Password202
user103,Password203
user104,Password204
user105,Password205
user106,Password206
user107,Password207
user108,Password208
user109,Password209
user110,Password210
user111,Password211
user112,Password212
user113,Password213
user114,Password214
user115,Password215
user116,Password216
user117,Password217
user118,Password218
user119,Password219
user120,Password220
user121,Password221
user122,Password222
user123,Password223
user124,Password224
user125,Password225
user126,Password226
user127,Password227
user128,Password228
user129,Password229
user130,Password230
user131,Password231
user132,Password232
user133,Password233
user134,Password234
user135,Password235
user136,Password236
user137,Password237
user138,Password238
user139,Password239
user140,Password240
user141,Password241
user142,Password242
user143,Password243
user144,Password244
user145,Password245
user146,Password246
user147,Password247
user148,Password248
user149,Password249
user150,Password250
user151,Password251
user152,Password252
user153,Password253
user154,Password254
user155,Password255
user156,Password256
user157,Password257
user158,Password258
user159,Password259
user160,Password260
user161,Password261
user162,Password262
user163,Password263
user164,Password264
user165,Password265
user166,Password266
user167,Password267
user168,Password268
user169,Password269
user170,Password270
user171,Password271
user172,Password272
user173,Password273
user174,Password274
user175,Password275
user176,Password276
user177,Password277
user178,Password278
user179,Password279
user180,Password280
user181,Password281
user182,Password282
user183,Password283
user184,Password284
user185,Password285
user186,Password286
user187,Password287
user188,Password288
user189,Password289
user190,Password290
user191,Password291
user192,Password292
user193,Password293
user194,Password294
user195,Password295
user196,Password296
user197,Password297
user198,Password298
user199,Password299
user200,Password300
user201,Password301
user202,Password302
user203,Password303
user204,Password304
user205,Password305
user206,Password306
user207,Password307
user208,Password308
user209,Password309
user210,Password310
user211,Password311
user212,Password312
user213,Password313
user214,Password314
user215,Password315
user216,Password316
user217,Password317
user218,Password318
user219,Password319
user220,Password320
user221,Password321
user222,Password322
user223,Password323
user224,Password324
user225,Password325
user226,Password326
user227,Password327
user228,Password328
user229,Password329
user230,Password330
user231,Password331
user232,Password332
user233,Password333
user234,Password334
user235,Password335
user236,Password336
user237,Password337
user238,Password338
user239,Password339
user240,Password340
user241,Password341
user242,Password342
user243,Password343
user244,Password344
user245,Password345
user246,Password346
user247,Password347
user248,Password348
user249,Password349
user250,Password350
user251,Password351
user252,Password352
user253,Password353
user254,Password354
user255,Password355
user256,Password356
user257,Password357
user258,Password358
user259,Password359
user260,Password360
user261,Password361
user262,Password362
user263,Password363
user264,Password364
user265,Password365
user266,Password366
user267,Password367
user268,Password368
user269,Password369
user270,Password370
user271,Password371
user272,Password372
user273,Password373
user274,Password374
user275,Password375
user276,Password376
user277,Password377
user278,Password378
user279,Password379
user280,Password380
user281,Password381
user282,Password382
user283,Password383
user284,Password384
user285,Password385
user286,Password386
user287,Password387
user288,Password388
user289,Password389
user290,Password390
user291,Password391
user292,Password392
user293,Password393
user294,Password394
user295,Password395
user296,Password396
user297,Password397
user298,Password398
user299,Password399
user300,Password400
user301,Password401
user302,Password402
user303,Password403
user304,Password404
user305,Password405
user306,Password406
user307,Password407
user308,Password408
user309,Password409
user310,Password410
user311,Password411
user312,Password412
user313,Password413
user314,Password414
user315,Password415
user316,Password416
user317,Password417
user318,Password418
user319,Password419
user320,Password420
user321,Password421
user322,Password422
user323,Password423
user324,Password424
user325,Password425
user326,Password426
user327,Password427
user328,Password428
user329,Password429
user330,Password430
user331,Password431
user332,Password432
user333,Password433
user334,Password434
user335,Password435
user336,Password436
user337,Password437
user338,Password438
user339,Password439
user340,Password440
user341,Password441
user342,Password442
user343,Password443
user344,Password444
user345,Password445
user346,Password446
user347,Password447
user348,Password448
user349,Password449
user350,Password450
user351,Password451
user352,Password452
user353,Password453
user354,Password454
user355,Password455
user356,Password456
user357,Password457
user358,Password458
user359,Password459
user360,Password460
user361,Password461
user362,Password462
user363,Password463
user364,Password464
user365,Password465
user366,Password466
user367,Password467
user368,Password468
user369,Password469
user370,Password470
user371,Password471
user372,Password472
user373,Password473
user374,Password474
user375,Password475
user376,Password476
user377,Password477
user378,Password478
user379,Password479
user380,Password480
user381,Password481
user382,Password482
user383,Password483
user384,Password484
user385,Password485
user386,Password486
user387,Password487
user388,Password488
user389,Password489
user390,Password490
user391,Password491
user392,Password492
user393,Password493
user394,Password494
user395,Password495
user396,Password496
user397,Password497
user398,Password498
user399,Password499
